Positions of ZAP-binding motifs,Sequence of ZAP-binding motifs,Percentage conservation of ZAP-binding motifs,Terminal CpG position in the genome,Percentage of sequences where ZAP-binding motif is lost,Percentage of sequences where terminal CpG is lost
23451,C(TCCTACTT)G(G)CG,99.9913501126967,23462,0.008649887303312552,0.004183142220454431
27106,C(ATACA)G(T)CG,99.99071200625627,27114,0.009287993743720855,0.0014889150276193737
23454,C(TACTT)G(G)CG,99.99035750267828,23462,0.009642497321725467,0.004183142220454431
27103,C(TGCATACA)G(T)CG,99.98787597763224,27114,0.012124022367757758,0.0014889150276193737
29091,C(TTTCGGCA)G(A)CG,99.9774535724389,29102,0.022546427561093374,0.0021979221836285995
17710,C(AAATA)G(G)CG,99.97596465741128,17718,0.024035342588712746,0.022475526845492453
17708,C(ACAAATA)G(G)CG,99.97475934524608,17718,0.02524065475392843,0.022475526845492453
551,C(AGTACG)G(T)CG,99.970150798732,560,0.029849201267988398,0.015385455285400196
13523,C(TGAT)G(T)CG,99.9691581887136,13530,0.030841811286401313,0.023468136863905368
28556,C(GTGGTGGT)G(A)CG,99.96015379783228,28567,0.03984620216771848,0.02680047049714873
28542,C(TACCA)G(A)CG,99.95823947851106,28550,0.04176052148894339,0.01354203667977621
26984,C(CATCTAG)G(A)CG,99.95625425847425,26994,0.04374574152576922,0.027225874790754265
17707,C(CACAAATA)G(G)CG,99.9534182298502,17718,0.04658177014980612,0.022475526845492453
13247,C(TGTACT)G(C)CG,99.95185841410698,13256,0.04814158589302642,0.0012053121652156834
7460,C(ATGTTGTA)G(A)CG,99.94448473968448,7471,0.05551526031552236,0.05296283455388915
23453,C(CTACTT)G(G)CG,99.94342122895048,23462,0.0565787710495362,0.004183142220454431
15173,C(AATA)G(C)CG,99.91881868063696,15180,0.08118131936305634,0.0719642263349364
26135,C(AATC)G(A)CG,99.90307872177354,26142,0.09692127822646114,0.09195822813439657
952,C(TGCT)G(C)CG,99.8999590902871,959,0.10004090971290173,0.07402034708736316
17555,C(TTGTC)G(G)CG,99.89932098384668,17563,0.10067901615331004,0.014038341688982667
28383,C(AAAACAAC)G(T)CG,99.89847017525948,28394,0.10152982474052111,0.05345913956309561
1952,C(AGAAG)G(C)CG,99.89719396237868,1960,0.1028060376213377,0.07749448215180836
665,C(ATAGTTAC)G(G)CG,99.89669765736946,676,0.10330234263054416,0.0855062630147126
26133,C(ACAATC)G(A)CG,99.89648495522265,26142,0.10351504477734694,0.09195822813439657
2708,C(TCAAA)G(G)CG,99.8915219051306,2716,0.10847809486941151,0.08756238376713936
12723,C(TTGTGCT)G(C)CG,99.88783506791934,12733,0.11216493208065949,0.09529056176763992
329,C(AGGTTCGC)G(A)CG,99.88095769850604,340,0.11904230149394898,0.07217692848173916
26131,C(ACACAATC)G(A)CG,99.8769872584324,26142,0.12301274156760064,0.09195822813439657
9746,C(TAAAGA)G(A)CG,99.87670365557,9755,0.12329634443000433,0.07281503492214747
18303,C(TTCGAT)G(T)CG,99.8766327548544,18312,0.12336724514560525,0.05842218965516019
13592,C(TAATTGTT)G(T)CG,99.8754983434048,13603,0.12450165659522001,0.06565406264645429
591,C(TCATGTG)G(G)CG,99.87294591764316,601,0.12705408235685323,0.08834229163874951
590,C(CTCATGTG)G(G)CG,99.8686209739915,601,0.1313790260085095,0.08834229163874951
17165,C(TCAT)G(C)CG,99.8613182002846,17172,0.13868179971540454,0.10833629343820968
17163,C(TCTCAT)G(C)CG,99.84763436217362,17172,0.15236563782638257,0.10833629343820968
697,C(TTAGGC)G(A)CG,99.8451528371276,706,0.15484716287241487,0.07394944637176223
18572,C(TGACAGA)G(T)CG,99.83948077987952,18582,0.16051922012048866,0.1407379204678313
23601,C(TCCTC)G(G)CG,99.83721195698028,23609,0.1627880430197182,0.04622726657180151
20938,C(TGCTT)G(T)CG,99.83331241762222,20946,0.16668758237776893,0.14399935338547373
26985,C(ATCTAG)G(A)CG,99.83175260187902,26994,0.16824739812098924,0.027225874790754265
1409,C(ATAGTCTT)G(C)CG,99.82629324677774,1420,0.17370675322226029,0.1621499365793099
1254,C(ATGGCA)G(A)CG,99.82537153747492,1263,0.17462846252507228,0.1530037442667909
29339,C(ATATT)G(A)CG,99.81799786305244,29347,0.1820021369475682,0.1584630993680619
20936,C(GCTGCTT)G(T)CG,99.81112049363914,20946,0.1888795063608577,0.14399935338547373
15579,C(AAAATT)G(C)CG,99.8082844650151,15588,0.1917155349848946,0.0443129472505766
25528,C(TTATTGTT)G(G)CG,99.80530663495986,25539,0.19469336504013335,0.0713261198945281
28475,C(GAGGACAA)G(G)CG,99.79665674765656,28486,0.2033432523434459,0.1964658829301564
6840,C(ATCTAT)G(C)CG,99.7852417324448,6849,0.21475826755519442,0.17335224964425566
17326,C(CTGA)G(A)CG,99.77857706517833,17333,0.22142293482168116,0.11882959934714621
3233,C(AACAA)G(A)CG,99.76241170202132,3241,0.2375882979786915,0.13648387753177593
13609,C(AAGAAAAG)G(A)CG,99.75553433260802,13620,0.244465667391981,0.20008181942580347
26191,C(CGAC)G(A)CG,99.739014465873,26198,0.26098553412699593,0.1534291485603964
6354,C(AGAG)G(A)CG,99.7383763594326,6361,0.2616236405674042,0.16044831940488774
6437,C(AGAAA)G(A)CG,99.69427611432882,6445,0.3057238856711781,0.24659268886000865
207,C(GTGTTGCA)G(C)CG,99.68881675922756,218,0.31118324077244913,0.20483216737106527
140,C(TAATTACT)G(T)CG,99.68052137550224,151,0.31947862449775705,0.08153582294106095
2189,C(TTAGA)G(A)CG,99.6784652547498,2197,0.32153474525018383,0.16548227021255327
17550,C(GGAACTT)G(T)CG,99.66393060805164,17560,0.33606939194837293,0.07111341774772532
2706,C(ACTCAAA)G(G)CG,99.6630088987488,2716,0.3369911012511849,0.08756238376713936
28836,C(ACGTA)G(T)CG,99.62004306509466,28844,0.379956934905344,0.04984320306744856
25782,C(TGGAAAT)G(C)CG,99.570058060596,25792,0.4299419394039944,0.2634670591730282
3611,C(ATGTT)G(T)CG,99.53382779492394,3619,0.4661722050760658,0.4444056853865826
10148,C(TTGAT)G(A)CG,99.53021185842827,10156,0.4697881415717129,0.4635488785988317
3608,C(TTCATGTT)G(T)CG,99.5231217868682,3619,0.4768782131318051,0.4444056853865826
9745,C(CTAAAGA)G(A)CG,99.49625041565544,9755,0.5037495843445547,0.07281503492214747
15951,C(CTAGGG)G(C)CG,99.45796402923096,15960,0.542035970769053,0.4629816728740243
1259,C(AGACG)G(G)CG,99.45406448987288,1267,0.5459355101271037,0.5079327265650092
29215,C(TTCGGAAT)G(T)CG,99.44342938253276,29226,0.5565706174672421,0.5020479671701327
593,C(ATGTG)G(G)CG,99.43364508377984,601,0.5663549162201694,0.08834229163874951
28369,C(AGTGG)G(G)CG,99.39833652741058,28377,0.6016634725894289,0.5314717641445155
28367,C(GCAGTGG)G(G)CG,99.3857162000336,28377,0.614283799966393,0.5314717641445155
29218,C(GGAAT)G(T)CG,99.37522289412468,29226,0.6247771058753296,0.5020479671701327
15952,C(TAGGG)G(C)CG,99.37493929126228,15960,0.6250607087377333,0.4629816728740243
7518,C(AACAAGA)G(T)CG,99.37288317050984,7528,0.62711682949016,0.46078375069039573
22978,C(TATCAG)G(C)CG,99.37252866693184,22987,0.6274713330681646,0.5794715486063401
7521,C(AAGA)G(T)CG,99.36855822685818,7528,0.6314417731418163,0.46078375069039573
28647,C(TAACAAA)G(A)CG,99.3080799164506,28657,0.6919200835494033,0.5266505154836528
10824,C(TGGAATT)G(C)CG,99.2778762116046,10834,0.7221237883953963,0.6880205441913525
29171,C(ATTG)G(C)CG,99.24384386811616,29178,0.7561561318838391,0.5782662364411244
29167,C(AAACATTG)G(C)CG,99.24001522947373,29178,0.7599847705262889,0.5782662364411244
27596,C(TGAC)G(G)CG,99.19768750225995,27603,0.8023124977400397,0.6187505450492512
27595,C(CTGAC)G(G)CG,99.19612768651676,27603,0.8038723134832599,0.6187505450492512
813,C(TCGCTAT)G(T)CG,99.18754869992902,823,0.8124513000709717,0.7436067052224759
29095,C(GGCA)G(A)CG,99.17095793247842,29102,0.8290420675215875,0.0021979221836285995
815,C(GCTAT)G(T)CG,99.12813390025543,823,0.8718660997445448,0.7436067052224759
27590,C(TTGTCCT)G(A)CG,99.09693758539105,27600,0.9030624146089506,0.7545254154250178
28833,C(ATCACGTA)G(T)CG,98.90671096543376,28844,1.0932890345662258,0.04984320306744856
28905,C(TGGCAAT)G(G)CG,97.99762198999876,28915,2.002378010001255,1.6786453425674426
15712,C(TCTCT)G(A)CG,97.91424274845204,15720,2.08575725154794,2.079092584281453
15441,C(ATGTGT)G(G)CG,97.63035628318596,15450,2.369643716814034,2.3424178420232797
